CustomerID,Gender,Age,Annual_Income,Spending_Score,Purchase_Frequency,Gender_Encoded,Cluster,Segment,PCA1,PCA2
1,Male,19,15000,39,3,0,0,📊 Segment 1,0.1943562618739255,-1.830909403790693
2,Male,21,15000,81,8,0,1,❤️ Loyal Customers,2.188084464817954,-1.5703123920898812
3,Female,20,16000,6,2,1,0,📊 Segment 1,-0.8383398646914638,-1.9223795278040194
4,Female,23,16000,77,7,1,1,❤️ Loyal Customers,1.7908515749608316,-1.5615104146718728
5,Female,31,17000,40,4,1,0,📊 Segment 1,-0.0645351625565938,-1.6682745470001727
6,Female,22,17000,76,9,1,1,❤️ Loyal Customers,2.246067147556938,-1.493966868606809
7,Female,35,18000,6,2,1,0,📊 Segment 1,-1.4644614700770968,-1.7671797749991862
8,Female,23,18000,94,10,1,1,❤️ Loyal Customers,2.8424919089978475,-1.3749660380564523
9,Male,64,19000,3,1,0,0,📊 Segment 1,-2.9599387706354974,-1.591166387580242
10,Female,30,19000,72,8,1,1,❤️ Loyal Customers,1.598083975110027,-1.416674078958882
11,Male,67,19000,14,2,0,0,📊 Segment 1,-2.6085011585602134,-1.514812477944905
12,Female,35,19000,99,10,1,1,❤️ Loyal Customers,2.459224301762088,-1.2537976946567124
13,Female,58,20000,15,2,1,0,📊 Segment 1,-2.2128012889664923,-1.5341640525440048
14,Female,24,20000,77,8,1,1,❤️ Loyal Customers,1.9625426091106046,-1.4048145056291228
15,Male,37,20000,13,2,0,0,📊 Segment 1,-1.3871439098305554,-1.6681874607509128
16,Male,22,20000,79,9,0,1,❤️ Loyal Customers,2.3115773944835944,-1.3880584372991376
17,Female,35,21000,35,4,1,0,📊 Segment 1,-0.3534541139748474,-1.5320067615269723
18,Male,20,21000,66,7,0,1,❤️ Loyal Customers,1.651137141592997,-1.4551865691728667
19,Male,52,23000,29,3,0,0,📊 Segment 1,-1.4219903093463835,-1.4065560966359867
20,Female,35,23000,98,10,1,1,❤️ Loyal Customers,2.4298465418981556,-1.128827727392979
21,Male,35,24000,35,4,0,0,📊 Segment 1,-0.35797872050787544,-1.4358430949071976
22,Male,25,24000,73,8,0,1,❤️ Loyal Customers,1.8215896490516355,-1.2835165936049533
23,Female,46,25000,14,2,1,0,📊 Segment 1,-1.745203090183876,-1.4500120431203327
24,Male,31,25000,71,7,0,1,❤️ Loyal Customers,1.3048852745595614,-1.2439272686016847
25,Female,54,28000,18,2,1,0,📊 Segment 1,-1.9886706659868076,-1.292273681330038
26,Male,29,28000,73,8,0,1,❤️ Loyal Customers,1.6493954533995232,-1.131007533651925
27,Female,45,28000,26,3,1,0,📊 Segment 1,-1.2087837465469837,-1.298537049762585
28,Male,35,28000,81,9,0,1,❤️ Loyal Customers,1.8061771718090662,-1.0461802603594883
29,Female,40,29000,31,3,1,0,📊 Segment 1,-0.8858654592817582,-1.280604766984493
30,Female,23,29000,74,8,1,1,❤️ Loyal Customers,1.920474282787188,-1.132140979906028
31,Male,60,30000,4,1,0,0,📊 Segment 1,-2.7870226564952967,-1.2596088595384316
32,Female,21,30000,72,8,1,1,❤️ Loyal Customers,1.9553568717737595,-1.1187283530546985
33,Male,53,33000,90,10,0,1,❤️ Loyal Customers,1.4802786696592323,-0.7249594410914751
34,Male,18,33000,88,9,0,1,❤️ Loyal Customers,2.668236713494269,-0.9664057590097528
35,Female,49,33000,35,4,1,0,📊 Segment 1,-0.9531173944018886,-1.0623341627712228
36,Female,21,33000,82,9,1,1,❤️ Loyal Customers,2.403545966368843,-0.9676771600405498
37,Female,42,34000,32,3,1,0,📊 Segment 1,-0.9531422124876142,-1.1049383154922388
38,Female,30,34000,92,10,1,1,❤️ Loyal Customers,2.4808883447011105,-0.8260806930712603
39,Male,36,37000,32,3,0,0,📊 Segment 1,-0.70842473860853,-1.0452109055624574
40,Female,20,37000,88,9,1,1,❤️ Loyal Customers,2.5791232113128606,-0.8260421179533888
41,Female,65,38000,16,2,1,0,📊 Segment 1,-2.507386404158897,-0.911424831791066
42,Male,24,38000,79,8,0,1,❤️ Loyal Customers,1.9820848722188928,-0.8213359961185439
43,Male,48,39000,17,2,0,0,📊 Segment 1,-1.7793637606823596,-0.9793580819768233
44,Female,31,39000,83,9,1,1,❤️ Loyal Customers,2.0024382371024947,-0.7113744774217123
45,Female,49,39000,26,3,1,0,📊 Segment 1,-1.3915353574428282,-0.9216461010300823
46,Female,24,39000,74,8,1,1,❤️ Loyal Customers,1.8638519142750756,-0.805522715058447
47,Female,50,40000,20,2,1,0,📊 Segment 1,-1.7939178028710552,-0.9254133428523372
48,Male,27,40000,58,6,0,1,❤️ Loyal Customers,0.9256750742480327,-0.8520320643784118
49,Male,29,40000,26,3,0,0,📊 Segment 1,-0.5622366249134629,-1.011045734456802
50,Female,31,40000,29,3,1,0,📊 Segment 1,-0.5752824649244823,-0.9891555508722407
51,Male,49,42000,31,3,0,0,📊 Segment 1,-1.2793352082097151,-0.8092411599304796
52,Female,33,42000,75,8,1,1,❤️ Loyal Customers,1.5088091382771072,-0.6514564085077167
53,Male,31,43000,22,2,0,0,📊 Segment 1,-0.9624859191259373,-0.9381346459589438
54,Male,59,43000,27,3,0,0,📊 Segment 1,-1.7896266823538247,-0.729452529491095
55,Female,50,43000,23,2,1,0,📊 Segment 1,-1.7284075559443985,-0.8195049115446658
56,Male,47,43000,73,8,0,1,❤️ Loyal Customers,0.8790461794980456,-0.5408804304830718
57,Female,51,44000,33,3,1,0,📊 Segment 1,-1.3187424037293147,-0.7264901201620342
58,Female,69,44000,14,2,1,0,📊 Segment 1,-2.7292869064728174,-0.701303170550119
59,Female,27,46000,80,9,1,1,❤️ Loyal Customers,2.088007355340486,-0.5210281911234642
60,Male,53,46000,19,2,0,0,📊 Segment 1,-1.9509330072963957,-0.718116136163757
61,Male,70,46000,15,2,0,0,📊 Segment 1,-2.7504987064102937,-0.6278730951259716
62,Male,19,46000,75,8,0,1,❤️ Loyal Customers,2.0843411838613317,-0.6082561186246686
63,Female,67,47000,23,2,1,0,📊 Segment 1,-2.4406262591560877,-0.5880506287633185
64,Female,32,47000,71,7,1,1,❤️ Loyal Customers,1.2301644799153368,-0.5326543372750054
65,Male,57,48000,19,2,0,0,📊 Segment 1,-2.120110798593156,-0.6297161872905783
66,Male,46,48000,74,8,0,1,❤️ Loyal Customers,0.9363904664982458,-0.3834321073358142
67,Female,55,48000,35,4,1,0,📊 Segment 1,-1.2249825074791414,-0.5450795729823564
68,Female,22,48000,71,7,1,1,❤️ Loyal Customers,1.6440597450911816,-0.5613268762184028
69,Female,34,49000,31,3,1,0,📊 Segment 1,-0.6667874224231662,-0.6759499128759889
70,Male,50,49000,25,3,0,0,📊 Segment 1,-1.4715026771081687,-0.5982760910784669
71,Male,68,50000,22,2,0,0,📊 Segment 1,-2.5100361635776958,-0.48906250759117714
72,Female,18,50000,77,8,1,1,❤️ Loyal Customers,2.1665386241924365,-0.4796140961213699
73,Male,48,51000,27,3,0,0,📊 Segment 1,-1.34474848568636,-0.5398158891033505
74,Female,40,51000,42,5,1,0,📊 Segment 1,-0.22372306531346137,-0.4948637863810875
75,Male,32,51000,31,3,0,0,📊 Segment 1,-0.5867231333078141,-0.6239862206928037
76,Female,24,51000,72,8,1,1,❤️ Loyal Customers,1.799063585836507,-0.42736455837127985
77,Male,47,52000,23,2,0,0,📊 Segment 1,-1.6173603353374264,-0.5492320400303387
78,Female,27,52000,80,9,1,1,❤️ Loyal Customers,2.0789581422744297,-0.3287008578839149
79,Male,48,53000,18,2,0,0,📊 Segment 1,-1.7771336400165956,-0.5273460495219097
80,Female,20,53000,76,8,1,1,❤️ Loyal Customers,2.055588373035476,-0.37455326550089646
81,Female,23,54000,77,8,1,1,❤️ Loyal Customers,1.9528040818049721,-0.3210323267200093
82,Male,49,54000,21,2,0,0,📊 Segment 1,-1.750147335469939,-0.4794740198457557
83,Female,67,54000,20,2,1,0,📊 Segment 1,-2.5212185278595043,-0.37341350467174117
84,Female,26,54000,75,8,1,1,❤️ Loyal Customers,1.7814931392924593,-0.30931070816694384
85,Male,49,54000,23,2,0,0,📊 Segment 1,-1.7034574331634826,-0.4729775100538245
86,Female,21,54000,71,7,1,1,❤️ Loyal Customers,1.6765508787604775,-0.3750722524271858
87,Female,66,54000,19,2,1,0,📊 Segment 1,-2.5030231322773804,-0.382734469016039
88,Male,23,59000,72,8,0,1,❤️ Loyal Customers,1.8285383151504508,-0.17700082350021307
89,Female,48,59000,15,2,1,0,📊 Segment 1,-1.8562177065423364,-0.34476348097025733
90,Male,67,60000,11,1,0,0,📊 Segment 1,-2.959636490900444,-0.23272544293060088
91,Male,53,60000,50,5,0,0,📊 Segment 1,-0.5905617832462966,-0.1014415245257198
92,Female,18,60000,83,9,1,1,❤️ Loyal Customers,2.510790498930875,-0.11717403391160928
93,Male,21,60000,55,6,0,1,❤️ Loyal Customers,1.0747182576469403,-0.2571219749578048
94,Female,51,61000,23,2,1,0,📊 Segment 1,-1.7970955418779189,-0.23645020237768596
95,Female,19,61000,72,8,1,1,❤️ Loyal Customers,1.991683297736507,-0.13718255021369224
96,Female,46,62000,22,2,1,0,📊 Segment 1,-1.6142469615320627,-0.23800744897538786
97,Female,31,62000,73,8,1,1,❤️ Loyal Customers,1.5150358858878343,-0.02900722639781501
98,Male,24,62000,34,4,0,0,📊 Segment 1,0.018308459676080243,-0.2878180432176729
99,Male,32,62000,25,3,0,0,📊 Segment 1,-0.7433830641816197,-0.29087563912942394
100,Female,33,63000,72,8,1,1,❤️ Loyal Customers,1.4071020390862259,0.0119444931428087
101,Male,32,63000,48,5,0,1,❤️ Loyal Customers,0.2305709893566124,-0.13930126611285326
102,Female,24,63000,76,8,1,1,❤️ Loyal Customers,1.8743449643173076,-0.0297168723083189
103,Male,33,65000,28,3,0,0,📊 Segment 1,-0.7194131639903152,-0.17889449837342025
104,Female,38,65000,73,8,1,1,❤️ Loyal Customers,1.2197288522073417,0.10966540636028521
105,Male,47,65000,28,3,0,0,📊 Segment 1,-1.3009780182852442,-0.093876566096769
106,Female,35,65000,82,9,1,1,❤️ Loyal Customers,1.7737186423882816,0.14308654951369737
107,Male,45,68000,32,3,0,0,📊 Segment 1,-1.129042126734655,0.0031347012102035834
108,Female,32,68000,18,2,1,0,📊 Segment 1,-1.1351111249161028,-0.14369106759635233
109,Female,36,69000,83,9,1,1,❤️ Loyal Customers,1.7494904380954537,0.2806257360176947
110,Male,32,70000,36,4,0,0,📊 Segment 1,-0.27939002932168794,0.02369658648031509
111,Male,40,71000,35,4,0,0,📊 Segment 1,-0.6365659565354088,0.1010845627109322
112,Female,28,71000,92,10,1,1,❤️ Loyal Customers,2.5081655575978017,0.34779244300929546
113,Female,36,71000,36,4,1,0,📊 Segment 1,-0.4470596184407723,0.0800419798135689
114,Male,36,71000,52,5,0,0,📊 Segment 1,0.1457237896067089,0.1544190355837371
115,Male,52,72000,24,3,0,0,📊 Segment 1,-1.6126169718186496,0.14787585034050377
116,Female,30,72000,73,8,1,1,❤️ Loyal Customers,1.5414942108464262,0.28546561955310146
117,Male,58,73000,22,2,0,0,📊 Segment 1,-2.1293213463107237,0.1874651753437725
118,Female,27,73000,82,9,1,1,❤️ Loyal Customers,2.09397579884969,0.3509413182464385
119,Male,59,74000,27,3,0,0,📊 Segment 1,-1.8363809498617816,0.2642386922465759
120,Female,35,75000,71,7,1,1,❤️ Loyal Customers,1.063313778734352,0.38309134618788765
121,Male,37,76000,28,3,0,0,📊 Segment 1,-0.9021647748861598,0.1979964503590822
122,Female,32,76000,71,7,1,1,❤️ Loyal Customers,1.1864266167627322,0.3969277733828158
123,Male,46,77000,19,2,0,0,📊 Segment 1,-1.7069048476568878,0.2330661194355883
124,Female,29,77000,83,9,1,1,❤️ Loyal Customers,2.02820724782151,0.494553214198768
125,Male,41,77000,40,4,0,0,📊 Segment 1,-0.5704307605706758,0.31572587987864176
126,Female,30,77000,87,9,1,1,❤️ Loyal Customers,2.080046705699071,0.5136189432309628
127,Male,54,78000,22,2,0,0,📊 Segment 1,-1.9707009702576956,0.3234471152500679
128,Female,28,78000,83,9,1,1,❤️ Loyal Customers,2.0682393923791857,0.5205350602903607
129,Male,41,78000,42,5,0,0,📊 Segment 1,-0.305984870846066,0.37668192264521616
130,Female,36,78000,72,8,1,1,❤️ Loyal Customers,1.2598579662150293,0.5109809545866784
131,Male,34,78000,39,4,0,0,📊 Segment 1,-0.30450148675411554,0.3020232143842754
132,Female,32,78000,71,7,1,1,❤️ Loyal Customers,1.1834102124073802,0.4610368844626656
133,Male,33,79000,38,4,0,0,📊 Segment 1,-0.28781429334966774,0.3247568055799024
134,Female,38,79000,72,8,1,1,❤️ Loyal Customers,1.1752690705666493,0.5551809290232678
135,Male,47,80000,42,5,0,0,📊 Segment 1,-0.5582433556135306,0.4772272904150593
136,Female,35,80000,72,8,1,1,❤️ Loyal Customers,1.2983819085950294,0.5690173562181958
137,Male,45,81000,26,3,0,0,📊 Segment 1,-1.2887184619638128,0.40035439385343313
138,Female,32,81000,72,8,1,1,❤️ Loyal Customers,1.4214947466234096,0.582853783413124
139,Male,46,82000,31,3,0,0,📊 Segment 1,-1.2150422551106996,0.4547229333215183
140,Female,29,82000,81,9,1,1,❤️ Loyal Customers,1.9739763346266734,0.6483294821064611
141,Male,53,83000,21,2,0,0,📊 Segment 1,-1.960046585563952,0.47439892860539445
142,Female,32,83000,73,8,1,1,❤️ Loyal Customers,1.4418232934212858,0.6502111493889394
143,Male,48,83000,33,3,0,0,📊 Segment 1,-1.2529412484526234,0.5054194175500389
144,Female,35,85000,71,7,1,1,❤️ Loyal Customers,1.0482317569575919,0.7036369015871363
145,Male,47,85000,26,3,0,0,📊 Segment 1,-1.377831964145221,0.5407180349097972
146,Female,35,85000,71,7,1,1,❤️ Loyal Customers,1.0482317569575919,0.7036369015871363
147,Male,49,86000,31,3,0,0,📊 Segment 1,-1.34569610402746,0.6011592838262145
148,Female,33,86000,72,8,1,1,❤️ Loyal Customers,1.3724133889996775,0.7491992705610806
149,Male,47,87000,33,3,0,0,📊 Segment 1,-1.2174337104279753,0.6275649302614061
150,Female,35,87000,71,7,1,1,❤️ Loyal Customers,1.0452153526022399,0.767746012666986
151,Male,60,88000,32,3,0,0,📊 Segment 1,-1.7823113713184564,0.7353164537336845
152,Female,24,88000,86,9,1,1,❤️ Loyal Customers,2.2893536110035186,0.8265345425841771
153,Male,42,88000,35,4,0,0,📊 Segment 1,-0.7452860870266053,0.6581574257863193
154,Female,29,89000,82,9,1,1,❤️ Loyal Customers,1.9867638705361694,0.8759596257819009
155,Male,57,89000,18,2,0,0,📊 Segment 1,-2.205292039031101,0.6812723349503756
156,Female,38,90000,72,8,1,1,❤️ Loyal Customers,1.158678846612213,0.9077810399624413
157,Male,67,91000,27,3,0,0,📊 Segment 1,-2.1943431607650905,0.8577478120119566
158,Female,46,92000,22,2,1,0,📊 Segment 1,-1.6594930268623433,0.7236292172223582
159,Male,58,93000,16,2,0,0,📊 Segment 1,-2.299555096783614,0.8090667567664761
160,Female,29,93000,81,9,1,1,❤️ Loyal Customers,1.9573861106722372,1.0009295930456346
161,Male,35,97000,36,4,0,0,📊 Segment 1,-0.44473252832499677,0.9073877144032834
162,Female,50,98000,35,4,1,0,📊 Segment 1,-1.092690882686182,1.027284656772226
163,Male,48,99000,33,3,0,0,📊 Segment 1,-1.2770724832954397,1.0182923061888367
164,Female,37,99000,72,8,1,1,❤️ Loyal Customers,1.1866453737484808,1.1901993303734328
165,Male,52,101000,25,3,0,0,📊 Segment 1,-1.633009883818026,1.0807062158942904
166,Female,28,101000,73,8,1,1,❤️ Loyal Customers,1.5808370411645256,1.202902311314258
167,Male,44,103000,47,5,0,0,📊 Segment 1,-0.3515862097278815,1.2125052139681625
168,Female,30,103000,73,8,1,1,❤️ Loyal Customers,1.4947399433384696,1.2791568412907723
169,Male,57,103000,20,2,0,0,📊 Segment 1,-2.1797169672121086,1.1365326223012553
170,Female,43,105000,36,4,1,0,📊 Segment 1,-0.7891209196292215,1.21240583430934
171,Male,38,107000,29,3,0,0,📊 Segment 1,-0.9671144379762402,1.2010086364410508
172,Female,36,107000,71,7,1,1,❤️ Loyal Customers,0.9735109623133672,1.4149098329138157
173,Male,35,108000,33,3,0,0,📊 Segment 1,-0.7506217953349471,1.2278380832198414
174,Female,55,108000,48,5,1,0,📊 Segment 1,-0.7927260835519061,1.4428260504954074
175,Male,42,109000,32,3,0,0,📊 Segment 1,-1.0662573758133158,1.2991533500021262
176,Female,41,110000,35,4,1,0,📊 Segment 1,-0.7369261882001257,1.3572849382163343
177,Male,47,111000,27,3,0,0,📊 Segment 1,-1.3937002696115695,1.3773847338438092
178,Female,22,112000,72,8,1,1,❤️ Loyal Customers,1.7901439464689737,1.5158179106674727
179,Male,35,112000,30,3,0,0,📊 Segment 1,-0.8266894575053358,1.3463115406916442
180,Female,44,113000,69,7,1,1,❤️ Loyal Customers,0.5854490730580381,1.6493223319480912
181,Male,46,114000,28,3,0,0,📊 Segment 1,-1.3333395782560171,1.4707239459112174
182,Female,30,115000,73,8,1,1,❤️ Loyal Customers,1.4766415172063574,1.6638115077698707
183,Male,56,115000,19,2,0,0,📊 Segment 1,-2.179619997762097,1.511866324436056
184,Female,29,115000,75,8,1,1,❤️ Loyal Customers,1.5648717662481657,1.6642353081134698
185,Male,29,116000,30,3,0,0,📊 Segment 1,-0.5834801858039276,1.4380935061613502
186,Female,35,116000,71,7,1,1,❤️ Loyal Customers,1.0014774894496352,1.6973281233248072
187,Male,43,117000,31,3,0,0,📊 Segment 1,-1.1432082911233041,1.558414248873892
188,Female,40,117000,73,8,1,1,❤️ Loyal Customers,1.0582216454974844,1.7886477133330427
189,Male,38,118000,33,3,0,0,📊 Segment 1,-0.8903248573177635,1.5666017669640868
190,Female,35,119000,71,7,1,1,❤️ Loyal Customers,0.9969528829166071,1.793491789944582
191,Male,50,120000,36,4,0,0,📊 Segment 1,-1.1025263794418263,1.7357331335465387
192,Female,27,120000,74,8,1,1,❤️ Loyal Customers,1.6170664976772617,1.8091144120204639
193,Male,55,120000,22,2,0,0,📊 Segment 1,-2.0755858084554406,1.6758111573752446
194,Female,35,121000,71,7,1,1,❤️ Loyal Customers,0.993936478561255,1.8576009010244316
195,Male,46,122000,28,3,0,0,📊 Segment 1,-1.3454051956774253,1.727160390230616
196,Female,32,122000,72,8,1,1,❤️ Loyal Customers,1.3596584573386927,1.8970905605500437
197,Male,38,123000,30,3,0,0,📊 Segment 1,-0.9679007216658283,1.7171297799758145
198,Female,33,123000,71,7,1,1,❤️ Loyal Customers,1.0740007676766072,1.9095645932076168
199,Male,47,126000,29,3,0,0,📊 Segment 1,-1.3696333999702532,1.8646995767346135
200,Female,35,126000,71,7,1,1,❤️ Loyal Customers,0.9863954676728749,2.017873678724056
