CustomerID,Gender,Age,Annual_Income,Spending_Score,Purchase_Frequency
1,Male,19,15000,39,3
2,Male,21,15000,81,8
3,Female,20,16000,6,2
4,Female,23,16000,77,7
5,Female,31,17000,40,4
6,Female,22,17000,76,9
7,Female,35,18000,6,2
8,Female,23,18000,94,10
9,Male,64,19000,3,1
10,Female,30,19000,72,8
11,Male,67,19000,14,2
12,Female,35,19000,99,10
13,Female,58,20000,15,2
14,Female,24,20000,77,8
15,Male,37,20000,13,2
16,Male,22,20000,79,9
17,Female,35,21000,35,4
18,Male,20,21000,66,7
19,Male,52,23000,29,3
20,Female,35,23000,98,10
21,Male,35,24000,35,4
22,Male,25,24000,73,8
23,Female,46,25000,14,2
24,Male,31,25000,71,7
25,Female,54,28000,18,2
26,Male,29,28000,73,8
27,Female,45,28000,26,3
28,Male,35,28000,81,9
29,Female,40,29000,31,3
30,Female,23,29000,74,8
31,Male,60,30000,4,1
32,Female,21,30000,72,8
33,Male,53,33000,90,10
34,Male,18,33000,88,9
35,Female,49,33000,35,4
36,Female,21,33000,82,9
37,Female,42,34000,32,3
38,Female,30,34000,92,10
39,Male,36,37000,32,3
40,Female,20,37000,88,9
41,Female,65,38000,16,2
42,Male,24,38000,79,8
43,Male,48,39000,17,2
44,Female,31,39000,83,9
45,Female,49,39000,26,3
46,Female,24,39000,74,8
47,Female,50,40000,20,2
48,Male,27,40000,58,6
49,Male,29,40000,26,3
50,Female,31,40000,29,3
51,Male,49,42000,31,3
52,Female,33,42000,75,8
53,Male,31,43000,22,2
54,Male,59,43000,27,3
55,Female,50,43000,23,2
56,Male,47,43000,73,8
57,Female,51,44000,33,3
58,Female,69,44000,14,2
59,Female,27,46000,80,9
60,Male,53,46000,19,2
61,Male,70,46000,15,2
62,Male,19,46000,75,8
63,Female,67,47000,23,2
64,Female,32,47000,71,7
65,Male,57,48000,19,2
66,Male,46,48000,74,8
67,Female,55,48000,35,4
68,Female,22,48000,71,7
69,Female,34,49000,31,3
70,Male,50,49000,25,3
71,Male,68,50000,22,2
72,Female,18,50000,77,8
73,Male,48,51000,27,3
74,Female,40,51000,42,5
75,Male,32,51000,31,3
76,Female,24,51000,72,8
77,Male,47,52000,23,2
78,Female,27,52000,80,9
79,Male,48,53000,18,2
80,Female,20,53000,76,8
81,Female,23,54000,77,8
82,Male,49,54000,21,2
83,Female,67,54000,20,2
84,Female,26,54000,75,8
85,Male,49,54000,23,2
86,Female,21,54000,71,7
87,Female,66,54000,19,2
88,Male,23,59000,72,8
89,Female,48,59000,15,2
90,Male,67,60000,11,1
91,Male,53,60000,50,5
92,Female,18,60000,83,9
93,Male,21,60000,55,6
94,Female,51,61000,23,2
95,Female,19,61000,72,8
96,Female,46,62000,22,2
97,Female,31,62000,73,8
98,Male,24,62000,34,4
99,Male,32,62000,25,3
100,Female,33,63000,72,8
101,Male,32,63000,48,5
102,Female,24,63000,76,8
103,Male,33,65000,28,3
104,Female,38,65000,73,8
105,Male,47,65000,28,3
106,Female,35,65000,82,9
107,Male,45,68000,32,3
108,Female,32,68000,18,2
109,Female,36,69000,83,9
110,Male,32,70000,36,4
111,Male,40,71000,35,4
112,Female,28,71000,92,10
113,Female,36,71000,36,4
114,Male,36,71000,52,5
115,Male,52,72000,24,3
116,Female,30,72000,73,8
117,Male,58,73000,22,2
118,Female,27,73000,82,9
119,Male,59,74000,27,3
120,Female,35,75000,71,7
121,Male,37,76000,28,3
122,Female,32,76000,71,7
123,Male,46,77000,19,2
124,Female,29,77000,83,9
125,Male,41,77000,40,4
126,Female,30,77000,87,9
127,Male,54,78000,22,2
128,Female,28,78000,83,9
129,Male,41,78000,42,5
130,Female,36,78000,72,8
131,Male,34,78000,39,4
132,Female,32,78000,71,7
133,Male,33,79000,38,4
134,Female,38,79000,72,8
135,Male,47,80000,42,5
136,Female,35,80000,72,8
137,Male,45,81000,26,3
138,Female,32,81000,72,8
139,Male,46,82000,31,3
140,Female,29,82000,81,9
141,Male,53,83000,21,2
142,Female,32,83000,73,8
143,Male,48,83000,33,3
144,Female,35,85000,71,7
145,Male,47,85000,26,3
146,Female,35,85000,71,7
147,Male,49,86000,31,3
148,Female,33,86000,72,8
149,Male,47,87000,33,3
150,Female,35,87000,71,7
151,Male,60,88000,32,3
152,Female,24,88000,86,9
153,Male,42,88000,35,4
154,Female,29,89000,82,9
155,Male,57,89000,18,2
156,Female,38,90000,72,8
157,Male,67,91000,27,3
158,Female,46,92000,22,2
159,Male,58,93000,16,2
160,Female,29,93000,81,9
161,Male,35,97000,36,4
162,Female,50,98000,35,4
163,Male,48,99000,33,3
164,Female,37,99000,72,8
165,Male,52,101000,25,3
166,Female,28,101000,73,8
167,Male,44,103000,47,5
168,Female,30,103000,73,8
169,Male,57,103000,20,2
170,Female,43,105000,36,4
171,Male,38,107000,29,3
172,Female,36,107000,71,7
173,Male,35,108000,33,3
174,Female,55,108000,48,5
175,Male,42,109000,32,3
176,Female,41,110000,35,4
177,Male,47,111000,27,3
178,Female,22,112000,72,8
179,Male,35,112000,30,3
180,Female,44,113000,69,7
181,Male,46,114000,28,3
182,Female,30,115000,73,8
183,Male,56,115000,19,2
184,Female,29,115000,75,8
185,Male,29,116000,30,3
186,Female,35,116000,71,7
187,Male,43,117000,31,3
188,Female,40,117000,73,8
189,Male,38,118000,33,3
190,Female,35,119000,71,7
191,Male,50,120000,36,4
192,Female,27,120000,74,8
193,Male,55,120000,22,2
194,Female,35,121000,71,7
195,Male,46,122000,28,3
196,Female,32,122000,72,8
197,Male,38,123000,30,3
198,Female,33,123000,71,7
199,Male,47,126000,29,3
200,Female,35,126000,71,7
